id,match_number,home_team_id,away_team_id,city_id,stage_id,kickoff_at,match_label,home_score,away_score,status,result_note
1,1,1,2,15,1,2026-06-11 15:00:00-06,Group A,2,0,final,
2,2,3,4,14,1,2026-06-11 22:00:00-06,Group A,2,1,final,
3,3,5,6,12,1,2026-06-12 15:00:00-04,Group B,1,1,final,
4,4,13,14,6,1,2026-06-12 21:00:00-07,Group D,4,1,final,
5,5,7,8,10,1,2026-06-13 15:00:00-07,Group B,1,1,final,
6,6,9,10,8,1,2026-06-13 18:00:00-04,Group C,1,1,final,
7,7,11,12,2,1,2026-06-13 21:00:00-04,Group C,0,1,final,
8,8,15,16,13,1,2026-06-14 00:00:00-07,Group D,2,0,final,
9,9,17,18,4,1,2026-06-14 13:00:00-05,Group E,7,1,final,
10,10,21,22,3,1,2026-06-14 16:00:00-05,Group F,2,2,final,
11,11,19,20,9,1,2026-06-14 19:00:00-04,Group E,1,0,final,
12,12,23,24,16,1,2026-06-14 22:00:00-06,Group F,5,1,final,
13,13,29,30,1,1,2026-06-15 12:00:00-04,Group H,0,0,final,
14,14,25,26,11,1,2026-06-15 15:00:00-07,Group G,1,1,final,
15,15,31,32,7,1,2026-06-15 18:00:00-04,Group H,1,1,final,
16,16,27,28,6,1,2026-06-15 21:00:00-07,Group G,2,2,final,
17,17,33,34,8,1,2026-06-16 15:00:00-04,Group I,3,1,final,
18,18,35,36,2,1,2026-06-16 18:00:00-04,Group I,1,4,final,
19,19,37,38,5,1,2026-06-16 21:00:00-05,Group J,3,0,final,
20,20,39,40,10,1,2026-06-17 00:00:00-07,Group J,3,1,final,
21,21,41,42,4,1,2026-06-17 13:00:00-05,Group K,1,1,final,
22,22,45,46,3,1,2026-06-17 16:00:00-05,Group L,4,2,final,
23,23,47,48,12,1,2026-06-17 19:00:00-04,Group L,1,0,final,
24,24,43,44,15,1,2026-06-17 22:00:00-06,Group K,1,3,final,
25,25,4,2,1,1,2026-06-18 12:00:00-04,Group A,1,1,final,
26,26,8,6,6,1,2026-06-18 15:00:00-07,Group B,4,1,final,
27,27,5,7,13,1,2026-06-18 18:00:00-07,Group B,6,0,final,
28,28,1,3,14,1,2026-06-18 21:00:00-06,Group A,1,0,final,
29,29,13,15,11,1,2026-06-19 15:00:00-07,Group D,2,0,final,
30,30,12,10,2,1,2026-06-19 18:00:00-04,Group C,0,1,final,
31,31,9,11,9,1,2026-06-19 21:00:00-04,Group C,3,0,final,
32,32,16,14,10,1,2026-06-20 00:00:00-07,Group D,0,1,final,
33,33,21,23,4,1,2026-06-20 13:00:00-05,Group F,5,1,final,
34,34,17,19,12,1,2026-06-20 16:00:00-04,Group E,2,1,final,
35,35,20,18,5,1,2026-06-20 20:00:00-05,Group E,0,0,final,
36,36,24,22,16,1,2026-06-21 00:00:00-06,Group F,0,4,final,
37,37,29,31,1,1,2026-06-21 12:00:00-04,Group H,4,0,final,
38,38,25,27,6,1,2026-06-21 15:00:00-07,Group G,0,0,final,
39,39,32,30,7,1,2026-06-21 18:00:00-04,Group H,2,2,final,
40,40,28,26,13,1,2026-06-21 21:00:00-07,Group G,1,3,final,
41,41,37,39,3,1,2026-06-22 13:00:00-05,Group J,2,0,final,
42,42,33,35,9,1,2026-06-22 17:00:00-04,Group I,3,0,final,
43,43,36,34,8,1,2026-06-22 20:00:00-04,Group I,3,2,final,
44,44,40,38,10,1,2026-06-22 23:00:00-07,Group J,1,2,final,
45,45,41,43,4,1,2026-06-23 13:00:00-05,Group K,5,0,final,
46,46,45,47,2,1,2026-06-23 16:00:00-04,Group L,0,0,final,
47,47,48,46,12,1,2026-06-23 19:00:00-04,Group L,0,1,final,
48,48,44,42,14,1,2026-06-23 22:00:00-06,Group K,1,0,final,
49,49,8,5,13,1,2026-06-24 15:00:00-07,Group B,2,1,final,
50,50,6,7,11,1,2026-06-24 15:00:00-07,Group B,3,1,final,
51,51,12,9,7,1,2026-06-24 18:00:00-04,Group C,0,3,final,
52,52,10,11,1,1,2026-06-24 18:00:00-04,Group C,4,2,final,
53,53,4,1,15,1,2026-06-24 21:00:00-06,Group A,0,3,final,
54,54,2,3,16,1,2026-06-24 21:00:00-06,Group A,1,0,final,
55,55,18,19,9,1,2026-06-25 16:00:00-04,Group E,0,2,final,
56,56,20,17,8,1,2026-06-25 16:00:00-04,Group E,2,1,final,
57,57,22,23,3,1,2026-06-25 19:00:00-05,Group F,1,1,final,
58,58,24,21,5,1,2026-06-25 19:00:00-05,Group F,1,3,final,
59,59,16,13,6,1,2026-06-25 22:00:00-07,Group D,3,2,final,
60,60,14,15,10,1,2026-06-25 22:00:00-07,Group D,0,0,final,
61,61,36,33,2,1,2026-06-26 15:00:00-04,Group I,1,4,final,
62,62,34,35,12,1,2026-06-26 15:00:00-04,Group I,5,0,final,
63,63,30,31,4,1,2026-06-26 20:00:00-05,Group H,0,0,final,
64,64,32,29,14,1,2026-06-26 20:00:00-06,Group H,0,1,final,
65,65,26,27,11,1,2026-06-26 23:00:00-07,Group G,1,1,final,
66,66,28,25,13,1,2026-06-26 23:00:00-07,Group G,1,5,final,
67,67,48,45,8,1,2026-06-27 17:00:00-04,Group L,0,2,final,
68,68,46,47,9,1,2026-06-27 17:00:00-04,Group L,2,1,final,
69,69,44,41,7,1,2026-06-27 19:30:00-04,Group K,0,0,final,
70,70,42,43,1,1,2026-06-27 19:30:00-04,Group K,3,1,final,
71,71,38,39,5,1,2026-06-27 22:00:00-05,Group J,3,3,final,
72,72,40,37,3,1,2026-06-27 22:00:00-05,Group J,1,3,final,
73,73,2,5,6,2,2026-06-28 15:00:00-07,2A vs 2B,0,1,final,
74,74,17,14,4,2,2026-06-29 13:00:00-05,1C vs 2F,1,1,final,Paraguay won 4–3 on penalties
75,75,21,10,2,2,2026-06-29 16:30:00-04,1E vs 3ABCDF,1,1,final,Morocco won 3–2 on penalties
76,76,9,22,16,2,2026-06-29 21:00:00-06,1F vs 2C,2,1,final,
77,77,33,23,3,2,2026-06-30 13:00:00-05,2E vs 2I,3,0,final,
78,78,19,36,8,2,2026-06-30 17:00:00-04,1I vs 3CDFGH,1,2,final,
79,79,1,20,15,2,2026-06-30 21:00:00-06,1A vs 3CEFHI,2,0,final,
80,80,45,42,1,2,2026-07-01 12:00:00-04,1L vs 3EHIJK,2,1,final,
81,81,13,6,11,2,2026-07-01 16:00:00-07,1G vs 3AEHIJ,2,0,final,
82,82,25,34,10,2,2026-07-01 20:00:00-07,1D vs 3BEFIJ,3,2,final,after extra time
83,83,41,46,6,2,2026-07-02 15:00:00-07,1H vs 2J,2,1,final,
84,84,29,39,12,2,2026-07-02 19:00:00-04,2K vs 2L,3,0,final,
85,85,8,38,13,2,2026-07-02 23:00:00-07,1B vs 3EFGIJ,2,0,final,
86,86,37,30,3,2,2026-07-03 14:00:00-05,2D vs 2G,3,2,final,after extra time
87,87,44,47,7,2,2026-07-03 18:00:00-04,1J vs 2H,1,0,final,
88,88,15,26,5,2,2026-07-03 21:30:00-05,1K vs 3DEIJL,1,1,final,Egypt won 4–2 on penalties
89,89,5,10,4,3,2026-07-04 13:00:00-05,W73 vs W75,0,1,final,
90,90,14,33,9,3,2026-07-04 17:00:00-04,W74 vs W77,0,1,final,
91,91,9,36,8,3,2026-07-05 16:00:00-04,W76 vs W78,1,2,final,
92,92,1,45,15,3,2026-07-05 20:00:00-06,W79 vs W80,2,3,final,
93,93,41,29,3,3,2026-07-06 15:00:00-05,W83 vs W84,0,1,final,
94,94,13,25,11,3,2026-07-06 20:00:00-07,W81 vs W82,1,4,final,
95,95,37,26,1,3,2026-07-07 12:00:00-04,W86 vs W88,3,2,final,
96,96,8,44,13,3,2026-07-07 16:00:00-07,W85 vs W87,0,0,final,Switzerland won 4–3 on penalties
97,97,10,33,2,4,2026-07-09 16:00:00-04,W89 vs W90,0,2,final,
98,98,29,25,6,4,2026-07-10 15:00:00-07,W93 vs W94,2,1,final,
99,99,36,45,7,4,2026-07-11 17:00:00-04,W91 vs W92,1,2,final,after extra time
100,100,37,8,5,4,2026-07-11 21:00:00-05,W95 vs W96,3,1,final,after extra time
101,101,33,29,3,5,2026-07-14 15:00:00-05,W97 vs W98,0,2,final,
102,102,45,37,1,5,2026-07-15 15:00:00-04,W99 vs W100,1,2,final,
103,103,33,45,7,6,2026-07-18 17:00:00-04,RU101 vs RU102,,,scheduled,
104,104,29,37,8,7,2026-07-19 15:00:00-04,W101 vs W102,,,scheduled,
